"No.","Technical Requirement"
"1.","Physical Tagging/ Marking Features"
"","Resistant to UV light and other chemicals"
"","Tags should be heat resistance"
"","Tags should be resistant to abrasion and tamper proof"
"","Tags should be coded with both human and machine readable description"
"","Tags should accommodate National Assembly Logo with full colour."
"","Tags should be visible and appealing to the eye (aesthetic)"
"","Tags should have a high-bond adhesive that fuses permanently to most surfaces"
"","Tags should be conformable (can be bent)"
"","Tags should be available in full colour print"
"","Tags should have a matte or gloss surface"
"","Tags must have a warranty of 3 years before the tags/marks fade"
"2.","Software Requirements/Features"
"","Should be able to capture all assets tags/barcodes"
"","Supply and implement an online tracking of asset movement between locations 
including automating of asset movement requests, approvals, electronic gate passes and 
receipt Store all assets information in a simple database"
"","Track assets by physical location, employee assigned, barcode number, asset 
description, asset category, department, make, model & serial number"
"","Track leases and warranties with the capabilities of tracking asset maintenance and 
repair history."
"","Calculate Depreciation"
"","Easily import and export data using the Import/Export Wizard into excel sheet or any 
data manipulation tool"
